{
    "RN ten Doeschate": 4,
    "J Yadav": 4.142857142857143,
    "V Kohli": 5.454545454545455,
    "R Ashwin": 5.846153846153846,
    "DS Kulkarni": 5.857142857142857,
    "S Nadeem": 6.142857142857143,
    "SP Narine": 6.1875,
    "Parvez Rasool": 6.2,
    "MC Henriques": 6.32,
    "JP Duminy": 6.352941176470588
}